参数/记录项,当前初值,状态,实测最小值,实测最大值,最终值,场景/证据文件,复测结论
固件版本,,待记录,,,,,
MaixPy版本,,待记录,,,,,
MaixVision版本,,待记录,,,,,
相机型号,,待记录,,,,,
安装高度/角度,,待记录,,,,,
曝光模式/设置,,待记录,,,,,
代码版本,,待记录,,,,,
光照条件,,待记录,,,,,
最高计划速度,,待记录,,,,,
误差/延迟验收限值,,待记录,,,,,
连续运行时长,,待记录,,,,,
W,320,当前配置,,,,,
H,240,当前配置,,,,,
LAB_THRESHOLDS,"[[0, 56, -5, 14, -128, 12]]",当前配置/待实测,,,,,
L_MIN,0,LAB第1项/待实测,,,,,
L_MAX,56,LAB第2项/待实测,,,,,
A_MIN,-5,LAB第3项/待实测,,,,,
A_MAX,14,LAB第4项/待实测,,,,,
B_MIN,-128,LAB第5项/待实测,,,,,
B_MAX,12,LAB第6项/待实测,,,,,
BLUR_KERNEL_SIZE,5,当前配置,,,,,
MORPH_KERNEL_SIZE,3,当前配置/先闭运算后开运算,,,,,
Mark_trigger_x_ratio,0.65,当前配置,,,,,
MARK_TRIGGER_HALF_WIDTH,34,当前配置,,,,,
Mark_half_w,34,未使用,,,,,
MARK_MIN_AREA,50,当前配置,,,,,
MARK_MIN_PIXELS,35,当前配置,,,,,
MARK_MIN_HEIGHT,14,当前配置,,,,,
MARK_MAX_WIDTH,28,当前配置,,,,,
MARK_MIN_ASPECT_RATIO,1.8,当前配置,,,,,
MAX_JUNCTION_GAP,12,当前配置,,,,,
JUNCTION_CONFIRM_FRAMES,3,当前配置,,,,,
JUNCTION_RELEASE_FRAMES,5,当前配置,,,,,
M_ROI_X_RATIO,0.05,当前配置,,,,,
M_ROI_Y_RATIO,0.0,当前配置,,,,,
M_ROI_W_RATIO,0.9,当前配置,,,,,
M_ROI_H_RATIO,0.55,当前配置,,,,,
H_ROI_Y_RATIO,0.48,当前配置,,,,,
H_ROI_H_RATIO,0.35,当前配置,,,,,
MIN_V_ROI_HEIGHT,24,当前配置,,,,,
V_TO_LINE_GAP,3,当前配置,,,,,
L_min_area,100,当前配置,,,,,
L_min_pixels,80,当前配置,,,,,
L_min_length,60,当前配置,,,,,
MAX_H_slope,0.45,当前配置,,,,,
BINARY_WHITE_THRESHOLDS,"[[200, 255]]",当前配置,,,,,
Target_Y,82.0,当前配置,,,,,
HEADING_SAMPLE_HALF_WIDTH,60,当前配置,,,,,
